{
  "youden": 0.031914,
  "threshold_normal": 0.02409,
  "threshold_anomaly": 0.044871
}